{
    "TIA": "Tirana, Albania: Tirana International Mother Teresa",
    "ALG": "Algiers, Algeria: Houari Boumediene",
    "EZE": "Buenos Aires, Argentina: Ministro Pistarini International",
    "EVN": "Yerevan, Armenia: Zvartnots International",
    "BNE": "Brisbane, Australia: Brisbane International",
    "CBR": "Canberra, Australia: Canberra International",
    "MEL": "Melbourne, Australia: Melbourne International",
    "PER": "Perth, Australia: Perth International",
    "SYD": "Sydney, Australia: Sydney Kingsford Smith International",
    "VIE": "Vienna, Austria: Vienna International",
    "GYD": "Baku, Azerbaijan: Heydar Aliyev International",
    "NAS": "Nassau, Bahamas: Lynden Pindling International",
    "BAH": "Manama, Bahrain: Bahrain International",
    "MSQ": "Minsk, Belarus: Minsk National",
    "BRU": "Brussels, Belgium: Brussels",
    "CRL": "Brussels, Belgium: Brussels South Charleroi",
    "LGG": "Liège, Belgium: Liège",
    "BZE": "Belize City, Belize: Philip S. W. Goldson International",
    "SJJ": "Sarajevo, Bosnia and Herzegovina: Sarajevo International",
    "CWB": "Curitiba, Brazil: Afonso Pena",
    "CGH": "São Paulo, Brazil: Congonhas",
    "SSA": "Salvador, Brazil: Deputado Luiz Eduardo Magalhães International",
    "NAT": "Natal, Brazil: Governador Aluízio Alves International",
    "GRU": "São Paulo, Brazil: Guarulhos - Governador André Franco Montoro International",
    "FLN": "Florianópolis, Brazil: Hercílio Luz International",
    "BSB": "Brasília, Brazil: Presidente Juscelino Kubistschek International",
    "GIG": "Rio De Janeiro, Brazil: Rio Galeão – Tom Jobim International",
    "CNF": "Belo Horizonte, Brazil: Tancredo Neves International",
    "BEL": "Belém, Brazil: Val de Cans/Júlio Cezar Ribeiro International",
    "BWN": "Bandar Seri Begawan, Brunei: Brunei International",
    "BOJ": "Burgas, Bulgaria: Burgas",
    "SOF": "Sofia, Bulgaria: Sofia",
    "VAR": "Varna, Bulgaria: Varna",
    "MDL": "Mandalay, Burma: Mandalay International",
    "RGN": "Yangon, Burma: Yangon International",
    "PNH": "Phnom Penh, Cambodia: Phnom Penh International",
    "REP": "Siem Reap, Cambodia: Siem Reap International",
    "YYC": "Calgary, Canada: Calgary International",
    "YEG": "Edmonton, Canada: Edmonton International",
    "YHZ": "Halifax, Canada: Halifax / Stanfield International",
    "YYZ": "Toronto, Canada: Lester B. Pearson International",
    "YUL": "Montréal, Canada: Montreal / Pierre Elliott Trudeau International",
    "YOW": "Ottawa, Canada: Ottawa Macdonald-Cartier International",
    "YYT": "St. John's, Canada: St. John's International",
    "YVR": "Vancouver, Canada: Vancouver International",
    "YYJ": "Victoria, Canada: Victoria International",
    "YWG": "Winnipeg, Canada: Winnipeg / James Armstrong Richardson International",
    "GCM": "Georgetown, Cayman Islands: Owen Roberts International",
    "SCL": "Santiago, Chile: Comodoro Arturo Merino Benítez International",
    "HET": "Hohhot, China: Baita International",
    "PEK": "Beijing, China: Beijing Capital International",
    "NAY": "Beijing, China: Beijing Nanyuan",
    "CSX": "Changsha, China: Changsha Huanghua International",
    "CTU": "Chengdu, China: Chengdu Shuangliu International",
    "CKG": "Chongqing, China: Chongqing Jiangbei International",
    "FOC": "Fuzhou, China: Fuzhou Changle International",
    "CAN": "Guangzhou, China: Guangzhou Baiyun International",
    "KWL": "Guilin City, China: Guilin Liangjiang International",
    "HAK": "Haikou, China: Haikou Meilan International",
    "HGH": "Hangzhou, China: Hangzhou Xiaoshan International",
    "KMG": "Kunming, China: Kunming Wujiaba International",
    "KWE": "Guiyang, China: Longdongbao",
    "NKG": "Nanjing, China: Nanjing Lukou",
    "NNG": "Nanning, China: Nanning Wuxu",
    "NGB": "Ningbo, China: Ningbo Lishe International",
    "SYX": "Sanya, China: Sanya Phoenix International",
    "SHA": "Shanghai, China: Shanghai Hongqiao International",
    "PVG": "Shanghai, China: Shanghai Pudong International",
    "SZX": "Shenzhen, China: Shenzhen Bao'an International",
    "HRB": "Harbin, China: Taiping",
    "TYN": "Taiyuan, China: Taiyuan Wusu",
    "SHE": "Shenyang, China: Taoxian",
    "TSN": "Tianjin, China: Tianjin Binhai International",
    "URC": "Ürümqi, China: Ürümqi Diwopu International",
    "WNZ": "Wenzhou, China: Wenzhou Yongqiang",
    "WUH": "Wuhan, China: Wuhan Tianhe International",
    "XIY": "Xi'an, China: Xi'an Xianyang International",
    "XMN": "Xiamen, China: Xiamen Gaoqi International",
    "TNA": "Jinan, China: Yaoqiang",
    "CGO": "Zhengzhou, China: Zhengzhou Xinzheng International",
    "DLC": "Dalian, China: Zhoushuizi",
    "BOG": "Bogota, Colombia: El Dorado International",
    "RAR": "Avarua, Cook Islands: Rarotonga International",
    "ZAG": "Zagreb, Croatia: Zagreb",
    "HAV": "Havana, Cuba: José Martí International",
    "VRA": "Varadero, Cuba: Juan Gualberto Gomez International",
    "LCA": "Larnarca, Cyprus: Larnaca International",
    "PFO": "Paphos, Cyprus: Paphos International",
    "AKT": "Akrotiri, Cyprus: RAF Akrotiri",
    "PRG": "Prague, Czechia: Václav Havel Prague",
    "AAL": "Aalborg, Denmark: Aalborg",
    "BLL": "Billund, Denmark: Billund",
    "CPH": "Copenhagen, Denmark: Copenhagen Kastrup",
    "SDQ": "Santo Domingo, Dominican Republic: Las Américas International",
    "PUJ": "Punta Cana, Dominican Republic: Punta Cana International",
    "LTX": "Latacunga, Ecuador: Cotopaxi International",
    "UIO": "Quito, Ecuador: Mariscal Sucre International",
    "CAI": "Cairo, Egypt: Cairo International",
    "HRG": "Hurghada, Egypt: Hurghada International",
    "LXR": "Luxor, Egypt: Luxor International",
    "SAL": "San Salvador/San Luis Talpa, El Salvador: El Salvador International",
    "TLL": "Tallinn, Estonia: Lennart Meri Tallinn",
    "ADD": "Addis Ababa, Ethiopia: Addis Ababa Bole International",
    "HEL": "Helsinki, Finland: Helsinki Vantaa",
    "BOD": "Bordeaux/Mérignac, France: Bordeaux-Mérignac",
    "CDG": "Paris, France: Paris-Charles de Gaulle Airport",
    "MRS": "Marseille, France: Marseille Provence",
    "NCE": "Nice, France: Nice-Côte d'Azur",
    "ORY": "Paris, France: Paris-Orly Airport",
    "TLS": "Toulouse/Blagnac, France: Toulouse-Blagnac",
    "TBS": "Tbilisi, Georgia: Tbilisi International",
    "BRE": "Bremen, Germany: Bremen",
    "CGN": "Cologne, Germany: Cologne Bonn",
    "DTM": "Dortmund, Germany: Dortmund",
    "DRS": "Dresden, Germany: Dresden",
    "DUS": "Düsseldorf, Germany: Düsseldorf",
    "FRA": "Frankfurt am Main, Germany: Frankfurt am Main",
    "HAM": "Hamburg, Germany: Hamburg",
    "HAJ": "Hannover, Germany: Hannover",
    "FKB": "Baden-Baden, Germany: Karlsruhe Baden-Baden",
    "LEJ": "Leipzig, Germany: Leipzig/Halle",
    "MUC": "Munich, Germany: Munich",
    "FMO": "Münster, Germany: Münster Osnabrück",
    "NUE": "Nuremberg, Germany: Nuremberg",
    "RMS": "Ramstein, Germany: Ramstein Air Base",
    "STR": "Stuttgart, Germany: Stuttgart",
    "ACC": "Accra, Ghana: Kotoka International",
    "ATH": "Athens, Greece: Eleftherios Venizelos International",
    "HER": "Heraklion, Greece: Heraklion International Nikos Kazantzakis",
    "SKG": "Thessaloniki, Greece: Thessaloniki Macedonia International",
    "GUM": "Guam, TT: Guam International",
    "HKG": "Hong Kong, Hong Kong: Chek Lap Kok International",
    "BUD": "Budapest, Hungary: Budapest Ferenc Liszt International",
    "KEF": "Reykjavík, Iceland: Keflavik International",
    "CCJ": "Calicut, India: Calicut International",
    "MAA": "Chennai, India: Chennai International",
    "BOM": "Mumbai, India: Chhatrapati Shivaji International",
    "COK": "Kochi, India: Cochin International",
    "GOI": "Vasco da Gama, India: Dabolim",
    "DEL": "New Delhi, India: Indira Gandhi International",
    "BLR": "Bangalore, India: Kempegowda International",
    "CCU": "Kolkata, India: Netaji Subhash Chandra Bose International",
    "HYD": "Hyderabad, India: Rajiv Gandhi International",
    "ATQ": "Amritsar, India: Sri Guru Ram Dass Jee International",
    "TRV": "Thiruvananthapuram, India: Trivandrum International",
    "UPG": "Ujung Pandang-Celebes Island, Indonesia: Hasanuddin International",
    "SUB": "Surabaya, Indonesia: Juanda International",
    "KNO": "Medan, Indonesia: Kualanamu International",
    "DPS": "Denpasar-Bali Island, Indonesia: Ngurah Rai (Bali) International",
    "CGK": "Jakarta, Indonesia: Soekarno-Hatta International",
    "IKA": "Tehran, Iran: Imam Khomeini International",
    "MHD": "Mashhad, Iran: Mashhad International",
    "THR": "Tehran, Iran: Mehrabad International",
    "SYZ": "Shiraz, Iran: Shiraz Shahid Dastghaib International",
    "TBZ": "Tabriz, Iran: Tabriz International",
    "BGW": "Baghdad, Iraq: Baghdad International",
    "BSR": "Basrah, Iraq: Basrah International",
    "ORK": "Cork, Ireland: Cork",
    "DUB": "Dublin, Ireland: Dublin",
    "SNN": "Limerick, Ireland: Shannon",
    "TLV": "Tel Aviv, Israel: Ben Gurion International",
    "VDA": "Eilat, Israel: Ovda International",
    "BRI": "Bari, Italy: Bari Karol Wojtyła",
    "BLQ": "Bologna, Italy: Bologna Guglielmo Marconi",
    "CAG": "Cagliari, Italy: Cagliari Elmas",
    "CTA": "Catania, Italy: Catania-Fontanarossa",
    "CIA": "Roma, Italy: Ciampino–G. B. Pastine International",
    "PMO": "Palermo, Italy: Falcone–Borsellino",
    "GOA": "Genova, Italy: Genoa Cristoforo Colombo",
    "BGY": "Bergamo, Italy: Il Caravaggio International",
    "FCO": "Rome, Italy: Leonardo da Vinci–Fiumicino",
    "MXP": "Milan, Italy: Malpensa International",
    "LIN": "Milan, Italy: Milano Linate",
    "NAP": "Nápoli, Italy: Naples International",
    "PSA": "Pisa, Italy: Pisa International",
    "TSF": "Treviso, Italy: Treviso-Sant'Angelo",
    "TRN": "Torino, Italy: Turin",
    "VCE": "Venice, Italy: Venice Marco Polo",
    "VRN": "Verona, Italy: Verona Villafranca",
    "KIN": "Kingston, Jamaica: Norman Manley International",
    "NGO": "Tokoname, Japan: Chubu Centrair International",
    "FUK": "Fukuoka, Japan: Fukuoka",
    "KOJ": "Kagoshima, Japan: Kagoshima",
    "KIX": "Osaka, Japan: Kansai International",
    "FSZ": "Makinohara / Shimada, Japan: Mt. Fuji Shizuoka",
    "OKA": "Naha, Japan: Naha",
    "NRT": "Tokyo, Japan: Narita International",
    "CTS": "Chitose / Tomakomai, Japan: New Chitose",
    "ITM": "Osaka, Japan: Osaka International",
    "HND": "Tokyo, Japan: Tokyo Haneda International",
    "OKO": "Fussa, Japan: Yokota Air Base",
    "AMM": "Amman, Jordan: Queen Alia International",
    "ALA": "Almaty, Kazakhstan: Almaty",
    "TSE": "Astana, Kazakhstan: Astana International",
    "KGF": "Karaganda, Kazakhstan: Sary-Arka",
    "NBO": "Nairobi, Kenya: Jomo Kenyatta International",
    "MBA": "Mombasa, Kenya: Mombasa Moi International",
    "PRN": "Prishtina, Kosovo: Priština International",
    "KWI": "Kuwait City, Kuwait: Kuwait International",
    "FRU": "Bishkek, Kyrgyzstan: Manas International",
    "RIX": "Riga, Latvia: Riga International",
    "BEY": "Beirut, Lebanon: Beirut Rafic Hariri International",
    "TIP": "Tripoli, Libya: Tripoli International",
    "VNO": "Vilnius, Lithuania: Vilnius International",
    "LUX": "Luxembourg, Luxembourg: Luxembourg-Findel International",
    "MFM": "Macau, Macau: Macau International",
    "KUL": "Kuala Lumpur, Malaysia: Kuala Lumpur International",
    "MLE": "Malé, Maldives: Malé International",
    "MLA": "Valletta, Malta: Malta International",
    "CUN": "Cancún, Mexico: Cancún International",
    "GDL": "Guadalajara, Mexico: Don Miguel Hidalgo Y Costilla International",
    "TIJ": "Tijuana, Mexico: General Abelardo L. Rodríguez International",
    "HMO": "Hermosillo, Mexico: General Ignacio P. Garcia International",
    "ACA": "Acapulco, Mexico: General Juan N Alvarez International",
    "MTY": "Monterrey, Mexico: General Mariano Escobedo International",
    "MEX": "Mexico City, Mexico: Licenciado Benito Juarez International",
    "PVR": "Puerto Vallarta, Mexico: Licenciado Gustavo Díaz Ordaz International",
    "SJD": "San José del Cabo, Mexico: Los Cabos International",
    "TGD": "Podgorica, Montenegro: Podgorica",
    "CMN": "Casablanca, Morocco: Mohammed V International",
    "AMS": "Amsterdam, Netherlands: Amsterdam Schiphol",
    "EIN": "Eindhoven, Netherlands: Eindhoven",
    "MST": "Maastricht, Netherlands: Maastricht Aachen",
    "AKL": "Auckland, New Zealand: Auckland International",
    "CHC": "Christchurch, New Zealand: Christchurch International",
    "WLG": "Wellington, New Zealand: Wellington International",
    "QUO": "Uyo, Nigeria: Akwa Ibom International",
    "LOS": "Lagos, Nigeria: Murtala Muhammed International",
    "ABV": "Abuja, Nigeria: Nnamdi Azikiwe International",
    "BGO": "Bergen, Norway: Bergen Flesland",
    "BOO": "Bodø, Norway: Bodø",
    "OSL": "Oslo, Norway: Oslo Gardermoen",
    "SVG": "Stavanger, Norway: Stavanger Sola",
    "TOS": "Tromsø, Norway: Tromsø",
    "TRD": "Trondheim, Norway: Trondheim Værnes",
    "MCT": "Muscat, Oman: Muscat International",
    "MNH": "Al Masna'ah, Oman: Rustaq",
    "ISB": "Islamabad, Pakistan: Islamabad International",
    "SKT": "Sialkot, Pakistan: Sialkot",
    "PTY": "Tocumen, Panama: Tocumen International",
    "POM": "Port Moresby, Papua New Guinea: Port Moresby Jacksons International",
    "CUZ": "Cusco, Perú: Alejandro Velasco Astete International",
    "LIM": "Lima, Perú: Jorge Chávez International",
    "CRK": "Angeles City, Philippines: Clark International",
    "DVO": "Davao City, Philippines: Francisco Bangoy International",
    "CGY": "Cagayan de Oro City, Philippines: Laguindingan",
    "CEB": "Lapu-Lapu City, Philippines: Mactan Cebu International",
    "MNL": "Manila, Philippines: Ninoy Aquino International",
    "WRO": "Wrocław, Poland: Copernicus Wrocław",
    "GDN": "Gdańsk, Poland: Gdańsk Lech Wałęsa",
    "KRK": "Kraków, Poland: John Paul II International Kraków-Balice",
    "KTW": "Katowice, Poland: Katowice International",
    "WMI": "Warsaw, Poland: Modlin",
    "POZ": "Poznań, Poland: Poznań-Ławica",
    "WAW": "Warsaw, Poland: Warsaw Chopin",
    "FAO": "Faro, Portugal: Faro",
    "OPO": "Porto, Portugal: Francisco de Sá Carneiro",
    "PDL": "Ponta Delgada, Portugal: João Paulo II",
    "TER": "Praia da Vitória, Portugal: Lajes",
    "LIS": "Lisbon, Portugal: Lisbon Portela",
    "SJU": "San Juan, PR: Luis Munoz Marin International",
    "DOH": "Doha, Qatar: Hamad International",
    "OTP": "Bucharest, Romania: Henri Coandă International",
    "CKL": "Moscow, Russia: Chkalovskiy",
    "DME": "Moscow, Russia: Domodedovo International",
    "GRV": "Grozny, Russia: Grozny North",
    "KZN": "Kazan, Russia: Kazan International",
    "KHV": "Khabarovsk, Russia: Khabarovsk-Novy",
    "SVX": "Yekaterinburg, Russia: Koltsovo",
    "KUF": "Samara, Russia: Kurumoch International",
    "LED": "St. Petersburg, Russia: Pulkovo",
    "ROV": "Rostov-on-Don, Russia: Rostov-on-Don",
    "SVO": "Moscow, Russia: Sheremetyevo International",
    "AER": "Sochi, Russia: Sochi International",
    "OVB": "Novosibirsk, Russia: Tolmachevo",
    "UFA": "Ufa, Russia: Ufa International",
    "VKO": "Moscow, Russia: Vnukovo International",
    "KJA": "Krasnoyarsk, Russia: Yemelyanovo",
    "ZIA": "Zhukovsky, Russia: Zhukovsky International",
    "JED": "Jeddah, Saudi Arabia: King Abdulaziz International",
    "DMM": "Ad Dammam, Saudi Arabia: King Fahd International",
    "RUH": "Riyadh, Saudi Arabia: King Khaled International",
    "MED": "Medina, Saudi Arabia: Prince Mohammad Bin Abdulaziz",
    "DSS": "Dakar, Senegal: Léopold Sédar Senghor International",
    "BEG": "Belgrade, Serbia: Belgrade Nikola Tesla",
    "SIN": "Singapore, Singapore: Singapore Changi",
    "SXM": "Philipsburg, Saint Martin: Princess Juliana International Airport",
    "BTS": "Bratislava, Slovakia: M. R. Štefánik",
    "LJU": "Ljubljana, Slovenia: Ljubljana Jože Pučnik",
    "CPT": "Cape Town, South Africa: Cape Town International",
    "GRJ": "George, South Africa: George",
    "DUR": "Durban, South Africa: King Shaka International",
    "JNB": "Johannesburg, South Africa: OR Tambo International",
    "CJJ": "Cheongju, South Korea: Cheongju International/Cheongju Air Base (K-59/G-513)",
    "PUS": "Busan, South Korea: Gimhae International",
    "GMP": "Seoul, South Korea: Gimpo International",
    "ICN": "Seoul, South Korea: Incheon International",
    "CJU": "Jeju City, South Korea: Jeju International",
    "KUV": "Kunsan, South Korea: Kunsan Air Base",
    "MWX": "Piseo-ri/Muan, South Korea: Muan International",
    "JUB": "Juba, South Sudan: Juba International",
    "MAD": "Madrid, Spain: Adolfo Suárez Madrid–Barajas",
    "ALC": "Alicante, Spain: Alicante International",
    "BCN": "Barcelona, Spain: Barcelona International",
    "LPA": "Gran Canaria Island, Spain: Gran Canaria",
    "AGP": "Málaga, Spain: Málaga",
    "PMI": "Palma De Mallorca, Spain: Palma De Mallorca",
    "SCQ": "Santiago de Compostela, Spain: Santiago de Compostela",
    "TFN": "Tenerife Island, Spain: Tenerife Norte",
    "TFS": "Tenerife Island, Spain: Tenerife South",
    "CMB": "Colombo, Sri Lanka: Bandaranaike International Colombo",
    "KRT": "Khartoum, Sudan: Khartoum International",
    "GOT": "Gothenburg, Sweden: Gothenburg-Landvetter",
    "LLA": "Luleå, Sweden: Luleå",
    "MMX": "Malmö, Sweden: Malmö Sturup",
    "ARN": "Stockholm, Sweden: Stockholm-Arlanda",
    "GVA": "Geneva, Switzerland: Geneva Cointrin International",
    "ZRH": "Zurich, Switzerland: Zürich",
    "ALP": "Aleppo, Syria: Aleppo International",
    "LTK": "Latakia, Syria: Bassel Al-Assad International",
    "DAM": "Damascus, Syria: Damascus International",
    "KHH": "Kaohsiung City, Taiwan: Kaohsiung International",
    "KNH": "Shang-I, Taiwan: Kinmen",
    "TPE": "Taipei, Taiwan: Taiwan Taoyuan International",
    "CNX": "Chiang Mai, Thailand: Chiang Mai International",
    "DMK": "Bangkok, Thailand: Don Mueang International",
    "HKT": "Phuket, Thailand: Phuket International",
    "BKK": "Bangkok, Thailand: Suvarnabhumi",
    "NBE": "Enfidha, Tunisia: Enfidha - Hammamet International",
    "TUN": "Tunis, Tunisia: Tunis Carthage International",
    "ADA": "Adana, Turkey: Adana",
    "ADB": "İzmir, Turkey: Adnan Menderes International",
    "AYT": "Antalya, Turkey: Antalya International",
    "ISL": "Istanbul, Turkey: Atatürk International",
    "DLM": "Dalaman, Turkey: Dalaman International",
    "ERZ": "Erzurum, Turkey: Erzurum International",
    "ESB": "Ankara, Turkey: Esenboğa International",
    "GZT": "Gaziantep, Turkey: Gaziantep International",
    "BJV": "Bodrum, Turkey: Milas Bodrum International",
    "SAW": "Istanbul, Turkey: Sabiha Gökçen International",
    "ISE": "Isparta, Turkey: Süleyman Demirel International",
    "TZX": "Trabzon, Turkey: Trabzon International",
    "KBP": "Kiev, Ukraine: Boryspil International",
    "DOK": "Donetsk, Ukraine: Donetsk International",
    "HRK": "Kharkiv, Ukraine: Kharkiv International",
    "ODS": "Odessa, Ukraine: Odessa International",
    "SIP": "Simferopol, Ukraine: Simferopol International",
    "AUH": "Abu Dhabi, United Arab Emirates: Abu Dhabi International",
    "DWC": "Jebel Ali, United Arab Emirates: Al Maktoum International",
    "DXB": "Dubai, United Arab Emirates: Dubai International",
    "SHJ": "Sharjah, United Arab Emirates: Sharjah International",
    "ABZ": "Aberdeen, United Kingdom: Aberdeen Dyce",
    "BFS": "Belfast, United Kingdom: Belfast International",
    "BHX": "Birmingham, United Kingdom: Birmingham International",
    "BOH": "Bournemouth, United Kingdom: Bournemouth",
    "BRS": "Bristol, United Kingdom: Bristol",
    "CWL": "Cardiff, United Kingdom: Cardiff International",
    "EMA": "Nottingham, United Kingdom: East Midlands",
    "EDI": "Edinburgh, United Kingdom: Edinburgh",
    "EXT": "Exeter, United Kingdom: Exeter International",
    "BHD": "Belfast, United Kingdom: George Best Belfast City",
    "GLA": "Glasgow, United Kingdom: Glasgow International",
    "LBA": "Leeds, United Kingdom: Leeds Bradford",
    "LPL": "Liverpool, United Kingdom: Liverpool John Lennon",
    "LGW": "London, UK: London Gatwick Airport",
    "LHR": "London, UK: London Heathrow Airport",
    "LTN": "London, United Kingdom: London Luton",
    "STN": "London, United Kingdom: London Stansted",
    "MAN": "Manchester, United Kingdom: Manchester",
    "NCL": "Newcastle, United Kingdom: Newcastle",
    "NWI": "Norwich, United Kingdom: Norwich International",
    "BZZ": "Brize Norton, United Kingdom: RAF Brize Norton",
    "FFD": "Fairford, United Kingdom: RAF Fairford",
    "LKZ": "Lakenheath, United Kingdom: RAF Lakenheath",
    "MHZ": "Mildenhall, United Kingdom: RAF Mildenhall",
    "DSA": "Doncaster, United Kingdom: Robin Hood Doncaster Sheffield",
    "SOU": "Southampton, United Kingdom: Southampton",
    "DAD": "Da Nang, Vietnam: Da Nang International",
    "HAN": "Hanoi, Vietnam: Noi Bai International",
    "SGN": "Ho Chi Minh City, Vietnam: Tan Son Nhat International",
    "LUN": "Lusaka, Zambia: Kenneth Kaunda International Lusaka",
    "ABE": "Allentown/Bethlehem/Easton, PA: Lehigh Valley International",
    "ABI": "Abilene, TX: Abilene Regional",
    "ABQ": "Albuquerque, NM: Albuquerque International Sunport",
    "ABR": "Aberdeen, SD: Aberdeen Regional",
    "ABY": "Albany, GA: Southwest Georgia Regional",
    "ACK": "Nantucket, MA: Nantucket Memorial",
    "ACT": "Waco, TX: Waco Regional",
    "ACV": "Arcata/Eureka, CA: California Redwood Coast Humboldt County",
    "ACY": "Atlantic City, NJ: Atlantic City International",
    "ADK": "Adak Island, AK: Adak",
    "ADQ": "Kodiak, AK: Kodiak Airport",
    "AEX": "Alexandria, LA: Alexandria International",
    "AGS": "Augusta, GA: Augusta Regional at Bush Field",
    "AKN": "King Salmon, AK: King Salmon Airport",
    "ALB": "Albany, NY: Albany International",
    "ALO": "Waterloo, IA: Waterloo Regional",
    "ALS": "Alamosa, CO: San Luis Valley Regional/Bergman Field",
    "ALW": "Walla Walla, WA: Walla Walla Regional",
    "AMA": "Amarillo, TX: Rick Husband Amarillo International",
    "ANC": "Anchorage, AK: Ted Stevens Anchorage International",
    "APN": "Alpena, MI: Alpena County Regional",
    "ART": "Watertown, NY: Watertown International",
    "ASE": "Aspen, CO: Aspen Pitkin County Sardy Field",
    "ATL": "Atlanta, GA: Hartsfield-Jackson Atlanta International",
    "ATW": "Appleton, WI: Appleton International",
    "ATY": "Watertown, SD: Watertown Regional",
    "AUS": "Austin, TX: Austin - Bergstrom International",
    "AVL": "Asheville, NC: Asheville Regional",
    "AVP": "Scranton/Wilkes-Barre, PA: Wilkes Barre Scranton International",
    "AZA": "Phoenix, AZ: Phoenix - Mesa Gateway",
    "AZO": "Kalamazoo, MI: Kalamazoo/Battle Creek International",
    "BDL": "Hartford, CT: Bradley International",
    "BET": "Bethel, AK: Bethel Airport",
    "BFF": "Scottsbluff, NE: Western Neb. Regional/William B. Heilig Field",
    "BFL": "Bakersfield, CA: Meadows Field",
    "BGM": "Binghamton, NY: Greater Binghamton/Edwin A. Link Field",
    "BGR": "Bangor, ME: Bangor International",
    "BHM": "Birmingham, AL: Birmingham-Shuttlesworth International",
    "BIH": "Bishop, CA: Bishop Airport",
    "BIL": "Billings, MT: Billings Logan International",
    "BIS": "Bismarck/Mandan, ND: Bismarck Municipal",
    "BJI": "Bemidji, MN: Bemidji Regional",
    "BKG": "Branson, MO: Branson Airport",
    "BLI": "Bellingham, WA: Bellingham International",
    "BLV": "Belleville, IL: Scott AFB/MidAmerica",
    "BMI": "Bloomington/Normal, IL: Central Il Regional Airport at Bloomington",
    "BNA": "Nashville, TN: Nashville International",
    "BOI": "Boise, ID: Boise Air Terminal",
    "BOS": "Boston, MA: Logan International",
    "BPT": "Beaumont/Port Arthur, TX: Jack Brooks Regional",
    "BQK": "Brunswick, GA: Brunswick Golden Isles",
    "BQN": "Aguadilla, PR: Rafael Hernandez",
    "BRD": "Brainerd, MN: Brainerd Lakes Regional",
    "BRO": "Brownsville, TX: Brownsville South Padre Island International",
    "BRW": "Barrow, AK: Wiley Post/Will Rogers Memorial",
    "BTM": "Butte, MT: Bert Mooney",
    "BTR": "Baton Rouge, LA: Baton Rouge Metropolitan/Ryan Field",
    "BTV": "Burlington, VT: Burlington International",
    "BUF": "Buffalo, NY: Buffalo Niagara International",
    "BUR": "Burbank, CA: Bob Hope",
    "BWI": "Baltimore, MD: Baltimore/Washington International Thurgood Marshall",
    "BZN": "Bozeman, MT: Bozeman Yellowstone International",
    "CAE": "Columbia, SC: Columbia Metropolitan",
    "CAK": "Akron, OH: Akron-Canton Regional",
    "CDB": "Cold Bay, AK: Cold Bay Airport",
    "CDC": "Cedar City, UT: Cedar City Regional",
    "CDV": "Cordova, AK: Merle K Mudhole Smith",
    "CEC": "Crescent City, CA: Jack McNamara Field",
    "CGI": "Cape Girardeau, MO: Cape Girardeau Regional",
    "CHA": "Chattanooga, TN: Lovell Field",
    "CHO": "Charlottesville, VA: Charlottesville Albemarle",
    "CHS": "Charleston, SC: Charleston AFB/International",
    "CIC": "Chico, CA: Chico Municipal",
    "CID": "Cedar Rapids/Iowa City, IA: The Eastern Iowa",
    "CIU": "Sault Ste. Marie, MI: Chippewa County International",
    "CKB": "Clarksburg/Fairmont, WV: North Central West Virginia",
    "CLD": "Carlsbad, CA: McClellan-Palomar",
    "CLE": "Cleveland, OH: Cleveland-Hopkins International",
    "CLL": "College Station/Bryan, TX: Easterwood Field",
    "CLT": "Charlotte, NC: Charlotte Douglas International",
    "CMH": "Columbus, OH: John Glenn Columbus International",
    "CMI": "Champaign/Urbana, IL: University of Illinois/Willard",
    "CMX": "Hancock/Houghton, MI: Houghton County Memorial",
    "CNY": "Moab, UT: Canyonlands Field",
    "COD": "Cody, WY: Yellowstone Regional",
    "COS": "Colorado Springs, CO: City of Colorado Springs Municipal",
    "COU": "Columbia, MO: Columbia Regional",
    "CPR": "Casper, WY: Casper/Natrona County International",
    "CRP": "Corpus Christi, TX: Corpus Christi International",
    "CRW": "Charleston/Dunbar, WV: Yeager",
    "CSG": "Columbus, GA: Columbus Airport",
    "CVG": "Cincinnati, OH: Cincinnati/Northern Kentucky International",
    "CWA": "Mosinee, WI: Central Wisconsin",
    "CYS": "Cheyenne, WY: Cheyenne Regional/Jerry Olson Field",
    "DAB": "Daytona Beach, FL: Daytona Beach International",
    "DAL": "Dallas, TX: Dallas Love Field",
    "DAY": "Dayton, OH: James M Cox/Dayton International",
    "DBQ": "Dubuque, IA: Dubuque Regional",
    "DCA": "Washington, DC: Ronald Reagan Washington National",
    "DDC": "Dodge City, KS: Dodge City Regional",
    "DEC": "Decatur, IL: Decatur Airport",
    "DEN": "Denver, CO: Denver International",
    "DFW": "Dallas/Fort Worth, TX: Dallas/Fort Worth International",
    "DHN": "Dothan, AL: Dothan Regional",
    "DIK": "Dickinson, ND: Dickinson - Theodore Roosevelt Regional",
    "DLG": "Dillingham, AK: Dillingham Airport",
    "DLH": "Duluth, MN: Duluth International",
    "DRO": "Durango, CO: Durango La Plata County",
    "DRT": "Del Rio, TX: Del Rio International",
    "DSM": "Des Moines, IA: Des Moines International",
    "DTW": "Detroit, MI: Detroit Metro Wayne County",
    "DVL": "Devils Lake, ND: Devils Lake Regional",
    "EAR": "Kearney, NE: Kearney Regional",
    "EAT": "Wenatchee, WA: Pangborn Memorial",
    "EAU": "Eau Claire, WI: Chippewa Valley Regional",
    "ECP": "Panama City, FL: Northwest Florida Beaches International",
    "EFD": "Houston, TX: Ellington",
    "EGE": "Eagle, CO: Eagle County Regional",
    "EKO": "Elko, NV: Elko Regional",
    "ELM": "Elmira/Corning, NY: Elmira/Corning Regional",
    "ELP": "El Paso, TX: El Paso International",
    "ENV": "Wendover, UT: Wendover Airport",
    "ERI": "Erie, PA: Erie International/Tom Ridge Field",
    "ESC": "Escanaba, MI: Delta County",
    "EUG": "Eugene, OR: Mahlon Sweet Field",
    "EVV": "Evansville, IN: Evansville Regional",
    "EWN": "New Bern/Morehead/Beaufort, NC: Coastal Carolina Regional",
    "EWR": "Newark, NJ: Newark Liberty International",
    "EYW": "Key West, FL: Key West International",
    "FAI": "Fairbanks, AK: Fairbanks International",
    "FAR": "Fargo, ND: Hector International",
    "FAT": "Fresno, CA: Fresno Yosemite International",
    "FAY": "Fayetteville, NC: Fayetteville Regional/Grannis Field",
    "FCA": "Kalispell, MT: Glacier Park International",
    "FLG": "Flagstaff, AZ: Flagstaff Pulliam",
    "FLL": "Fort Lauderdale, FL: Fort Lauderdale-Hollywood International",
    "FLO": "Florence, SC: Florence Regional",
    "FNL": "Fort Collins/Loveland, CO: Northern Colorado Regional",
    "FNT": "Flint, MI: Bishop International",
    "FOD": "Fort Dodge, IA: Fort Dodge Regional",
    "FOE": "Topeka, KS: Topeka Regional",
    "FSD": "Sioux Falls, SD: Joe Foss Field",
    "FSM": "Fort Smith, AR: Fort Smith Regional",
    "FWA": "Fort Wayne, IN: Fort Wayne International",
    "GCC": "Gillette, WY: Gillette Campbell County",
    "GCK": "Garden City, KS: Garden City Regional",
    "GEG": "Spokane, WA: Spokane International",
    "GFK": "Grand Forks, ND: Grand Forks International",
    "GGG": "Longview, TX: East Texas Regional",
    "GJT": "Grand Junction, CO: Grand Junction Regional",
    "GNV": "Gainesville, FL: Gainesville Regional",
    "GPT": "Gulfport/Biloxi, MS: Gulfport-Biloxi International",
    "GRB": "Green Bay, WI: Green Bay Austin Straubel International",
    "GRI": "Grand Island, NE: Central Nebraska Regional",
    "GRK": "Killeen, TX: Robert Gray AAF",
    "GRR": "Grand Rapids, MI: Gerald R. Ford International",
    "GSO": "Greensboro/High Point, NC: Piedmont Triad International",
    "GSP": "Greer, SC: Greenville-Spartanburg International",
    "GST": "Gustavus, AK: Gustavus Airport",
    "GTF": "Great Falls, MT: Great Falls International",
    "GTR": "Columbus, MS: Golden Triangle Regional",
    "GUC": "Gunnison, CO: Gunnison-Crested Butte Regional",
    "HDN": "Hayden, CO: Yampa Valley",
    "HGR": "Hagerstown, MD: Hagerstown Regional-Richard A. Henson Field",
    "HHH": "Hilton Head, SC: Hilton Head Airport",
    "HIB": "Hibbing, MN: Range Regional",
    "HLN": "Helena, MT: Helena Regional",
    "HNL": "Honolulu, HI: Daniel K Inouye International",
    "HOB": "Hobbs, NM: Lea County Regional",
    "HOU": "Houston, TX: William P Hobby",
    "HPN": "White Plains, NY: Westchester County",
    "HRL": "Harlingen/San Benito, TX: Valley International",
    "HSV": "Huntsville, AL: Huntsville International-Carl T Jones Field",
    "HTS": "Ashland, WV: Tri-State/Milton J. Ferguson Field",
    "HVN": "New Haven, CT: Tweed New Haven",
    "HYA": "Hyannis, MA: Barnstable Municipal-Boardman/Polando Field",
    "HYS": "Hays, KS: Hays Regional",
    "IAD": "Washington, DC: Washington Dulles International",
    "IAG": "Niagara Falls, NY: Niagara Falls International",
    "IAH": "Houston, TX: George Bush Intercontinental/Houston",
    "ICT": "Wichita, KS: Wichita Dwight D Eisenhower National",
    "IDA": "Idaho Falls, ID: Idaho Falls Regional",
    "IFP": "Bullhead City, AZ: Laughlin/Bullhead International",
    "ILG": "Wilmington, DE: New Castle",
    "ILM": "Wilmington, NC: Wilmington International",
    "IMT": "Iron Mountain/Kingsfd, MI: Ford",
    "IND": "Indianapolis, IN: Indianapolis International",
    "INL": "International Falls, MN: Falls International Einarson Field",
    "IPT": "Williamsport, PA: Williamsport Regional",
    "ISP": "Islip, NY: Long Island MacArthur",
    "ITH": "Ithaca/Cortland, NY: Ithaca Tompkins Regional",
    "ITO": "Hilo, HI: Hilo International",
    "IYK": "Inyokern, CA: Inyokern Airport",
    "JAC": "Jackson, WY: Jackson Hole",
    "JAN": "Jackson/Vicksburg, MS: Jackson Medgar Wiley Evers International",
    "JAX": "Jacksonville, FL: Jacksonville International",
    "JFK": "New York, NY: John F. Kennedy International",
    "JLN": "Joplin, MO: Joplin Regional",
    "JMS": "Jamestown, ND: Jamestown Regional",
    "JNU": "Juneau, AK: Juneau International",
    "JST": "Johnstown, PA: John Murtha Johnstown-Cambria County",
    "KOA": "Kona, HI: Ellison Onizuka Kona International at Keahole",
    "KTN": "Ketchikan, AK: Ketchikan International",
    "LAN": "Lansing, MI: Capital Region International",
    "LAR": "Laramie, WY: Laramie Regional",
    "LAS": "Las Vegas, NV: McCarran International",
    "LAW": "Lawton/Fort Sill, OK: Lawton-Fort Sill Regional",
    "LAX": "Los Angeles, CA: Los Angeles International",
    "LBB": "Lubbock, TX: Lubbock Preston Smith International",
    "LBE": "Latrobe, PA: Arnold Palmer Regional",
    "LBF": "North Platte, NE: North Platte Regional Airport Lee Bird Field",
    "LBL": "Liberal, KS: Liberal Mid-America Regional",
    "LCH": "Lake Charles, LA: Lake Charles Regional",
    "LCK": "Columbus, OH: Rickenbacker International",
    "LEX": "Lexington, KY: Blue Grass",
    "LFT": "Lafayette, LA: Lafayette Regional Paul Fournet Field",
    "LGA": "New York, NY: LaGuardia",
    "LGB": "Long Beach, CA: Long Beach Airport",
    "LIH": "Lihue, HI: Lihue Airport",
    "LIT": "Little Rock, AR: Bill and Hillary Clinton Nat Adams Field",
    "LMT": "Klamath Falls, OR: Crater Lake Klamath Regional",
    "LNK": "Lincoln, NE: Lincoln Airport",
    "LRD": "Laredo, TX: Laredo International",
    "LSE": "La Crosse, WI: La Crosse Regional",
    "LWB": "Lewisburg, WV: Greenbrier Valley",
    "LWS": "Lewiston, ID: Lewiston Nez Perce County",
    "LYH": "Lynchburg, VA: Lynchburg Regional/Preston Glenn Field",
    "MAF": "Midland/Odessa, TX: Midland International Air and Space Port",
    "MBS": "Saginaw/Bay City/Midland, MI: MBS International",
    "MCI": "Kansas City, MO: Kansas City International",
    "MCN": "Macon, GA: Middle Georgia Regional",
    "MCO": "Orlando, FL: Orlando International",
    "MCW": "Mason City, IA: Mason City Municipal",
    "MDT": "Harrisburg, PA: Harrisburg International",
    "MDW": "Chicago, IL: Chicago Midway International",
    "MEI": "Meridian, MS: Key Field",
    "MEM": "Memphis, TN: Memphis International",
    "MFE": "Mission/McAllen/Edinburg, TX: McAllen Miller International",
    "MFR": "Medford, OR: Rogue Valley International - Medford",
    "MGM": "Montgomery, AL: Montgomery Regional",
    "MHK": "Manhattan/Ft. Riley, KS: Manhattan Regional",
    "MHT": "Manchester, NH: Manchester-Boston Regional",
    "MIA": "Miami, FL: Miami International",
    "MKE": "Milwaukee, WI: General Mitchell International",
    "MKG": "Muskegon, MI: Muskegon County",
    "MLB": "Melbourne, FL: Melbourne International",
    "MLI": "Moline, IL: Quad City International",
    "MLU": "Monroe, LA: Monroe Regional",
    "MMH": "Mammoth Lakes, CA: Mammoth Lakes Airport",
    "MOB": "Mobile, AL: Mobile Regional",
    "MOD": "Modesto, CA: Modesto City-County-Harry Sham Field",
    "MOT": "Minot, ND: Minot International",
    "MQT": "Marquette, MI: Sawyer International",
    "MRY": "Monterey, CA: Monterey Regional",
    "MSN": "Madison, WI: Dane County Regional-Truax Field",
    "MSO": "Missoula, MT: Missoula International",
    "MSP": "Minneapolis, MN: Minneapolis-St Paul International",
    "MSY": "New Orleans, LA: Louis Armstrong New Orleans International",
    "MTJ": "Montrose/Delta, CO: Montrose Regional",
    "MVY": "Martha's Vineyard, MA: Martha's Vineyard Airport",
    "MYR": "Myrtle Beach, SC: Myrtle Beach International",
    "OAJ": "Jacksonville/Camp Lejeune, NC: Albert J Ellis",
    "OAK": "Oakland, CA: Metropolitan Oakland International",
    "OGD": "Ogden, UT: Ogden-Hinckley",
    "OGG": "Kahului, HI: Kahului Airport",
    "OGS": "Ogdensburg, NY: Ogdensburg International",
    "OKC": "Oklahoma City, OK: Will Rogers World",
    "OMA": "Omaha, NE: Eppley Airfield",
    "OME": "Nome, AK: Nome Airport",
    "ONT": "Ontario, CA: Ontario International",
    "ORD": "Chicago, IL: Chicago O'Hare International",
    "ORF": "Norfolk, VA: Norfolk International",
    "ORH": "Worcester, MA: Worcester Regional",
    "OTH": "North Bend/Coos Bay, OR: Southwest Oregon Regional",
    "OTZ": "Kotzebue, AK: Ralph Wien Memorial",
    "OWB": "Owensboro, KY: Owensboro Daviess County Regional",
    "PAE": "Everett, WA: Snohomish County",
    "PAH": "Paducah, KY: Barkley Regional",
    "PBG": "Plattsburgh, NY: Plattsburgh International",
    "PBI": "West Palm Beach/Palm Beach, FL: Palm Beach International",
    "PDX": "Portland, OR: Portland International",
    "PGD": "Punta Gorda, FL: Punta Gorda Airport",
    "PGV": "Greenville, NC: Pitt Greenville",
    "PHF": "Newport News/Williamsburg, VA: Newport News/Williamsburg International",
    "PHL": "Philadelphia, PA: Philadelphia International",
    "PHX": "Phoenix, AZ: Phoenix Sky Harbor International",
    "PIA": "Peoria, IL: General Downing - Peoria International",
    "PIB": "Hattiesburg/Laurel, MS: Hattiesburg-Laurel Regional",
    "PIE": "St. Petersburg, FL: St Pete Clearwater International",
    "PIH": "Pocatello, ID: Pocatello Regional",
    "PIR": "Pierre, SD: Pierre Regional",
    "PIT": "Pittsburgh, PA: Pittsburgh International",
    "PLN": "Pellston, MI: Pellston Regional Airport of Emmet County",
    "PNS": "Pensacola, FL: Pensacola International",
    "PPG": "Tafuna, Tutuila Island: Pago Pago International Airport",
    "PRC": "Prescott, AZ: Prescott Regional Ernest A Love Field",
    "PSC": "Pasco/Kennewick/Richland, WA: Tri Cities",
    "PSE": "Ponce, PR: Mercedita",
    "PSG": "Petersburg, AK: Petersburg James A Johnson",
    "PSM": "Portsmouth, NH: Portsmouth International at Pease",
    "PSP": "Palm Springs, CA: Palm Springs International",
    "PUB": "Pueblo, CO: Pueblo Memorial",
    "PUW": "Pullman, WA: Pullman Moscow Regional",
    "PVD": "Providence, RI: Theodore Francis Green State",
    "PVU": "Provo, UT: Provo Municipal",
    "PWM": "Portland, ME: Portland International Jetport",
    "RAP": "Rapid City, SD: Rapid City Regional",
    "RDD": "Redding, CA: Redding Municipal",
    "RDM": "Bend/Redmond, OR: Roberts Field",
    "RDU": "Raleigh/Durham, NC: Raleigh-Durham International",
    "RFD": "Rockford, IL: Chicago/Rockford International",
    "RHI": "Rhinelander, WI: Rhinelander/Oneida County",
    "RIC": "Richmond, VA: Richmond International",
    "RIW": "Riverton/Lander, WY: Riverton Regional",
    "RKS": "Rock Springs, WY: Southwest Wyoming Regional",
    "RNO": "Reno, NV: Reno/Tahoe International",
    "ROA": "Roanoke, VA: Roanoke Blacksburg Regional Woodrum Field",
    "ROC": "Rochester, NY: Greater Rochester International",
    "ROW": "Roswell, NM: Roswell International Air Center",
    "RST": "Rochester, MN: Rochester International",
    "RSW": "Fort Myers, FL: Southwest Florida International",
    "SAF": "Santa Fe, NM: Santa Fe Municipal",
    "SAN": "San Diego, CA: San Diego International",
    "SAT": "San Antonio, TX: San Antonio International",
    "SAV": "Savannah, GA: Savannah/Hilton Head International",
    "SBA": "Santa Barbara, CA: Santa Barbara Municipal",
    "SBN": "South Bend, IN: South Bend International",
    "SBP": "San Luis Obispo, CA: San Luis County Regional",
    "SCC": "Deadhorse, AK: Deadhorse Airport",
    "SCE": "State College, PA: University Park",
    "SCK": "Stockton, CA: Stockton Metropolitan",
    "SDF": "Louisville, KY: Louisville Muhammad Ali International",
    "SEA": "Seattle, WA: Seattle/Tacoma International",
    "SFB": "Sanford, FL: Orlando Sanford International",
    "SFO": "San Francisco, CA: San Francisco International",
    "SGF": "Springfield, MO: Springfield-Branson National",
    "SGU": "St. George, UT: St George Regional",
    "SHD": "Staunton, VA: Shenandoah Valley Regional",
    "SHR": "Sheridan, WY: Sheridan County",
    "SHV": "Shreveport, LA: Shreveport Regional",
    "SIT": "Sitka, AK: Sitka Rocky Gutierrez",
    "SJC": "San Jose, CA: Norman Y. Mineta San Jose International",
    "SJT": "San Angelo, TX: San Angelo Regional/Mathis Field",
    "SLC": "Salt Lake City, UT: Salt Lake City International",
    "SLN": "Salina, KS: Salina Regional",
    "SMF": "Sacramento, CA: Sacramento International",
    "SMX": "Santa Maria, CA: Santa Maria Public/Capt. G. Allan Hancock Field",
    "SNA": "Santa Ana, CA: John Wayne Airport-Orange County",
    "SPI": "Springfield, IL: Abraham Lincoln Capital",
    "SPN": "Saipan, Northern Mariana Islands: Francisco C. Ada/Saipan International Airport",
    "SPS": "Wichita Falls, TX: Sheppard AFB/Wichita Falls Municipal",
    "SRQ": "Sarasota/Bradenton, FL: Sarasota/Bradenton International",
    "STC": "St. Cloud, MN: St. Cloud Regional",
    "STL": "St. Louis, MO: St Louis Lambert International",
    "STS": "Santa Rosa, CA: Charles M. Schulz - Sonoma County",
    "STT": "Charlotte Amalie, St. Thomas: Cyril E. King Airport",
    "STX": "Christiansted, St. Croix: Henry E. Rohlsen Airport",
    "SUN": "Sun Valley/Hailey/Ketchum, ID: Friedman Memorial",
    "SUX": "Sioux City, IA: Sioux Gateway Brig Gen Bud Day Field",
    "SWF": "Newburgh/Poughkeepsie, NY: New York Stewart International",
    "SWO": "Stillwater, OK: Stillwater Regional",
    "SYR": "Syracuse, NY: Syracuse Hancock International",
    "TBN": "Fort Leonard Wood, MO: Waynesville-St. Robert Regional Forney Field",
    "TKI": "Tokeen, AK: Tokeen Airport",
    "TLH": "Tallahassee, FL: Tallahassee International",
    "TOL": "Toledo, OH: Toledo Express",
    "TPA": "Tampa, FL: Tampa International",
    "TRI": "Bristol/Johnson City/Kingsport, TN: Tri Cities",
    "TTN": "Trenton, NJ: Trenton Mercer",
    "TUL": "Tulsa, OK: Tulsa International",
    "TUS": "Tucson, AZ: Tucson International",
    "TVC": "Traverse City, MI: Cherry Capital",
    "TWF": "Twin Falls, ID: Joslin Field - Magic Valley Regional",
    "TXK": "Texarkana, AR: Texarkana Regional-Webb Field",
    "TYR": "Tyler, TX: Tyler Pounds Regional",
    "TYS": "Knoxville, TN: McGhee Tyson",
    "UIN": "Quincy, IL: Quincy Regional-Baldwin Field",
    "USA": "Concord, NC: Concord Padgett Regional",
    "UST": "St. Augustine, FL: Northeast Florida Regional",
    "VCT": "Victoria, TX: Victoria Regional",
    "VEL": "Vernal, UT: Vernal Regional",
    "VLD": "Valdosta, GA: Valdosta Regional",
    "VPS": "Valparaiso, FL: Eglin AFB Destin Fort Walton Beach",
    "WRG": "Wrangell, AK: Wrangell Airport",
    "WYS": "West Yellowstone, MT: Yellowstone",
    "XNA": "Fayetteville, AR: Northwest Arkansas Regional",
    "XWA": "Williston, ND: Williston Basin International",
    "YAK": "Yakutat, AK: Yakutat Airport",
    "YKM": "Yakima, WA: Yakima Air Terminal/McAllister Field",
    "YNG": "Youngstown/Warren, OH: Youngstown-Warren Regional",
    "YUM": "Yuma, AZ: Yuma MCAS/Yuma International",
    "AXA": "The Valley, Anguilla: Clayton J. Lloyd International Airport",
    "ANU": "St. John's, Antigua and Barbuda: V. C. Bird International Airport",
    "AUA": "Oranjestad, Aruba: Queen Beatrix International Airport",
    "DAC": "Dhaka, Bangladesh: Hazrat Shahjalal International Airport",
    "BGI": "Christ Church, Barbados: Grantley Adams International Airport",
    "BDA": "St. George's, Bermuda: L.F. Wade International Airport",
    "VVI": "Santa Cruz de la Sierra, Bolivia: Viru Viru International Airport",
    "EIS": "Beef Island, British Virgin Islands: Terrance B. Lettsome International Airport",
    "DLA": "Douala, Cameroon: Douala International Airport",
    "BON": "Kralendijk, Bonaire: Flamingo International Airport",
    "SJO": "San Jose, Costa Rica: Juan Santamaría International Airport",
    "ABJ": "Abidjan, Côte d'Ivoire: Félix-Houphouët-Boigny International Airport",
    "CUR": "Willemstad, Curaçao: Hato International Airport",
    "DOM": "Marigot, Dominica: Douglas-Charles Airport",
    "NAN": "Viti Levu, Fiji: Nadi International Airport",
    "CAY": "Cayenne, French Guiana: Félix Eboué Airport",
    "PPT": "Tahiti, French Polynesia: Faa'a International Airport",
    "BOB": "Bora Bora, French Polynesia: Bora Bora Airport",
    "MOZ": "Moorea, French Polynesia: Moorea Airport",
    "GND": "St. George's, Grenada: Maurice Bishop International Airport",
    "PTP": "Pointe-à-Pitre, Guadeloupe: Pointe-à-Pitre International/Guadeloupe Pôle Caraïbes/Le Raizet Airport",
    "GUA": "Guatemala City, Guatemala: La Aurora International Airport",
    "GCI": "Forest/St. Peter Port, Guernsey: Guernsey Airport",
    "PAP": "Port-au-Prince, Haiti: Toussaint Louverture International Airport",
    "CAP": "Cap-Haïtien, Haiti: Cap-Haïtien International Airport",
    "IOM": "Castletown, Isle of Man: Isle of Man/Ronaldsway Airport",
    "JER": "St. Helier, Jersey: Jersey Airport",
    "FDF": "Le Lamentin/Fort-de-France, Martinique: Martinique Aimé Césaire Airport",
    "DZA": "Pamandzi/Dzaoudzi, Mayotte: Dzaoudzi-Pamandzi International Airport",
    "UBN": "Ulaanbaatar, Mongolia: Chinggis Khaan International Airport",
    "KTM": "Kathmandu, Nepal: Tribhuvan International Airport",
    "NOU": "La Tontouta, New Caledonia: La Tontouta International Airport/Nouméa",
    "SKP": "Skopje, North Macedonia: Skopje International/Skopje Alexander the Great Airport",
    "ASU": "Asunción, Paraguay: Silvio Pettirossi International Airport",
    "RUN": "Sainte-Marie, Reunion: Roland Garros Airport",
    "ZSE": "Saint-Pierre, Reunion: Pierrefonds Airport",
    "SBH": "St. Jean, Saint Barthélemy: Gustaf III Airport/Rémy de Haenen Airport",
    "HLE": "Longwood, Saint Helena: Saint Helena Airport",
    "SKB": "Basseterre, Saint Kitts and Nevis: Robert L. Bradshaw International Airport",
    "NEV": "New Castle, Saint Kitts and Nevis: Vance W. Amory International Airport",
    "UVF": "Vieux Fort, Saint Lucia: Hewanorra International Airport",
    "FSP": "Saint-Pierre, Saint Pierre and Miquelon: Saint-Pierre Pointe-Blanche Airport",
    "SVD": "Kingstown, Saint Vincent: Argyle International Airport",
    "APW": "Apia, Samoa: Faleolo International Airport",
    "RMI": "Rimini, Italy: Federico Fellini International/Rimini-Miramare Airport",
    "TBU": "Nukuʻalofa, Tongatapu: Fuaʻamotu International Airport",
    "POS": "Port of Spain, Trinidad and Tobago: Piarco International Airport"
}